Order_Date,Region,Category,Product,Customer_ID,Quantity,Sales
2024-04-12,East,Electronics,Product A,1064,4.0,3010.728220262405
2024-06-28,West,Electronics,Product A,1021,7.0,114.66405634021015
2024-04-02,North,Clothing,Product B,1089,6.0,1610.5400211459275
2024-01-15,North,Electronics,Product B,1081,2.0,3182.4532552457704
2024-04-16,West,Clothing,Product D,1049,5.0,744.9986807462172
2024-03-12,East,Clothing,Product C,1013,7.0,3477.0782416402662
2024-01-21,South,Clothing,Product A,1063,7.0,3729.6260440683727
2024-04-12,South,Furniture,Product B,1046,5.0,4909.845952230727
2024-05-01,North,Furniture,Product B,1028,9.0,1049.2099742820471
2024-03-15,East,Furniture,Product A,1075,4.0,4125.653338330576
2024-03-28,South,Clothing,Product C,1035,3.0,2601.4828845932702
2024-04-26,East,Furniture,Product A,1098,4.0,1867.3129807208672
2024-04-09,East,Furniture,Product C,1051,5.0,611.8837866258897
2024-04-13,North,Electronics,Product B,1075,6.0,3677.528032437688
2024-05-31,South,Furniture,Product C,1006,3.0,1179.2879957184355
2024-05-10,West,Furniture,Product D,1028,2.0,1857.1100093652287
2024-05-29,North,Clothing,Product B,1010,4.0,312.7111344868422
2024-02-22,South,Clothing,Product D,1032,5.0,4006.834579097595
2024-01-02,South,Clothing,Product A,1005,4.0,3832.942619858217
2024-03-28,South,Clothing,Product A,1078,3.0,3668.079150211562
2024-06-06,South,Clothing,Product A,1031,8.0,1497.2175524594334
2024-02-07,South,Clothing,Product C,1050,4.0,867.4003713297863
2024-05-09,East,Furniture,Product B,1074,,3187.7663223511486
2024-01-21,North,Clothing,Product A,1057,2.0,2480.8319205660973
2024-06-09,East,Clothing,Product A,1086,1.0,891.2623345232079
2024-02-27,West,Electronics,Product B,1025,4.0,3429.5563552493186
2024-01-22,South,Furniture,Product A,1097,9.0,4955.632159106518
2024-03-29,North,Furniture,Product D,1045,7.0,3736.0979387101884
2024-02-18,South,Furniture,Product B,1097,7.0,3699.931933428059
2024-02-28,North,Clothing,Product B,1028,7.0,4751.5637646529585
2024-06-18,East,Clothing,Product B,1003,,1014.681837874511
2024-01-15,North,Clothing,Product D,1080,1.0,2827.749824607202
2024-06-23,West,Electronics,Product B,1098,8.0,4898.233575169417
2024-02-20,West,Clothing,Product D,1012,4.0,826.4705548508728
2024-04-17,North,Electronics,Product B,1038,4.0,3501.259797222605
2024-02-24,North,Furniture,Product C,1014,4.0,2929.05072985951
2024-03-04,North,Clothing,Product A,1028,,2932.395460943535
2024-05-10,North,Electronics,Product C,1028,7.0,3488.3531376003757
2024-02-20,West,Electronics,Product A,1074,6.0,
2024-05-14,South,Clothing,Product D,1031,1.0,3912.9096992566897
2024-01-21,North,Furniture,Product C,1001,8.0,280.68051708105
2024-03-13,North,Furniture,Product B,1046,7.0,4263.640099378556
2024-06-15,West,Furniture,Product A,1077,6.0,1127.7066496286632
2024-01-18,West,Electronics,Product A,1083,6.0,1884.5708236818598
2024-05-11,East,Electronics,Product C,1021,5.0,2308.6640680619107
2024-03-29,North,Electronics,Product D,1074,6.0,2404.5300037653483
2024-02-29,East,Electronics,Product C,1026,9.0,2175.901996276784
2024-01-14,West,Furniture,Product D,1066,9.0,4686.766471079322
2024-01-09,West,Clothing,Product D,1080,8.0,3530.095038320123
2024-03-30,South,Electronics,Product A,1055,9.0,3155.853229783532
2024-02-22,North,Electronics,Product C,1091,8.0,249.21013891470778
2024-05-09,East,Furniture,Product C,1092,8.0,4519.566651301873
2024-03-24,West,Clothing,Product D,1020,1.0,4546.9509600419815
2024-04-01,West,Clothing,Product C,1046,5.0,3901.0653171505114
2024-04-20,East,Furniture,Product B,1079,4.0,35.14601906809578
2024-06-20,South,Furniture,Product B,1058,,286.4012553881168
2024-01-08,West,Clothing,Product C,1083,8.0,1126.1185113424488
2024-06-23,North,Electronics,Product C,1005,3.0,656.7470407245335
2024-02-04,West,Clothing,Product D,1018,4.0,1994.1801485186472
2024-03-21,North,Furniture,Product B,1056,7.0,4613.115290438948
2024-06-12,East,Electronics,Product B,1068,9.0,2360.3021709849913
2024-02-19,North,Electronics,Product A,1002,2.0,67.01313216082805
2024-04-13,East,Furniture,Product D,1000,3.0,1413.72844789381
2024-05-11,North,Furniture,Product A,1057,4.0,222.9745418648077
2024-01-02,East,Furniture,Product B,1037,1.0,181.43811306751078
2024-05-13,North,Clothing,Product D,1014,7.0,1378.5992654777613
2024-02-23,South,Clothing,Product C,1033,2.0,1378.0616933947272
2024-04-15,North,Electronics,Product D,1060,5.0,3935.63301300802
2024-01-04,North,Furniture,Product C,1034,1.0,4874.17326390556
2024-02-23,South,Electronics,Product C,1063,3.0,1856.0354694499915
2024-05-25,West,Electronics,Product D,1024,2.0,
2024-02-13,West,Electronics,Product C,1023,1.0,4223.947181430107
2024-06-10,North,Electronics,Product A,1011,7.0,1340.695100477567
2024-01-14,South,Furniture,Product B,1017,5.0,781.9090220172397
2024-04-04,North,Electronics,Product C,1014,1.0,4265.448117018253
2024-02-17,East,Furniture,Product A,1079,6.0,232.50293220032748
2024-01-15,East,Furniture,Product C,1026,5.0,3098.4972009970784
2024-02-09,North,Clothing,Product B,1071,3.0,2809.964237334034
2024-03-22,West,Furniture,Product A,1059,7.0,1729.6022375084713
2024-04-20,West,Clothing,Product B,1045,9.0,1575.9476054867948
2024-02-22,North,Furniture,Product B,1088,9.0,3859.2886309081064
2024-01-24,North,Furniture,Product A,1016,9.0,432.1230538127324
2024-06-02,East,Furniture,Product A,1092,2.0,1183.9215465569268
2024-05-03,West,Clothing,Product A,1052,3.0,3662.243659190449
2024-02-10,North,Clothing,Product D,1007,7.0,2741.602918632121
2024-06-05,East,Electronics,Product A,1078,5.0,639.9410426679319
2024-01-15,West,Clothing,Product A,1026,2.0,4410.678071410301
2024-02-14,South,Clothing,Product A,1045,3.0,1967.2392328179578
2024-03-05,East,Clothing,Product A,1049,6.0,4139.341876610864
2024-03-29,West,Clothing,Product C,1070,7.0,3938.5650776385432
2024-03-11,West,Electronics,Product D,1002,9.0,3122.1272323586404
2024-01-09,East,Clothing,Product B,1092,1.0,2472.4056564754646
2024-03-28,South,Furniture,Product A,1063,7.0,4897.754201908784
2024-05-08,East,Furniture,Product C,1043,8.0,724.8253618990852
2024-05-15,West,Clothing,Product C,1052,3.0,
2024-03-03,North,Clothing,Product C,1023,4.0,955.953507323945
2024-05-18,North,Furniture,Product B,1059,6.0,1691.3155266617418
2024-03-21,East,Furniture,Product A,1002,7.0,1543.4937168659762
2024-05-15,West,Electronics,Product D,1019,4.0,4735.1799386936145
2024-06-11,North,Furniture,Product D,1045,8.0,4836.780888941376
2024-06-11,West,Furniture,Product C,1014,5.0,915.0772211736357
2024-02-02,East,Clothing,Product B,1024,1.0,110.17580148752093
2024-05-02,North,Furniture,Product B,1093,4.0,3600.0401983155657
2024-01-05,West,Electronics,Product B,1077,3.0,2089.9496693524216
2024-02-10,North,Furniture,Product D,1070,9.0,444.2012254378219
2024-01-28,East,Clothing,Product C,1016,8.0,3418.7705278852127
2024-05-14,West,Clothing,Product A,1083,1.0,2725.5276413034985
2024-03-12,North,Furniture,Product D,1099,6.0,4902.58411000553
2024-01-12,East,Clothing,Product C,1008,9.0,1137.0474793068947
2024-06-10,North,Electronics,Product C,1037,7.0,
2024-02-02,North,Electronics,Product A,1047,4.0,2712.7290169771145
2024-02-17,South,Furniture,Product A,1059,1.0,3958.4999422667584
2024-05-30,South,Furniture,Product A,1062,2.0,2744.1932836002934
2024-03-02,East,Furniture,Product B,1085,5.0,3064.500804309746
2024-02-06,South,Clothing,Product A,1001,5.0,
2024-04-08,East,Electronics,Product C,1087,8.0,4234.593640442799
2024-06-20,South,Electronics,Product A,1071,6.0,2143.1527348523787
2024-04-13,North,Clothing,Product C,1010,8.0,704.7981376088463
2024-02-04,East,Electronics,Product D,1063,2.0,3320.939572527087
2024-04-10,East,Furniture,Product B,1076,3.0,1080.4522659265376
2024-06-23,North,Furniture,Product D,1080,6.0,487.8125511964987
2024-05-10,East,Furniture,Product D,1071,3.0,
2024-01-01,East,Electronics,Product C,1020,6.0,2300.811322442198
2024-01-05,South,Furniture,Product D,1017,6.0,3746.4185634788823
2024-05-21,East,Clothing,Product C,1093,2.0,1452.9377990317755
2024-04-12,West,Clothing,Product A,1063,7.0,3934.8506745883315
2024-01-27,North,Electronics,Product A,1081,2.0,559.6796351076516
2024-05-16,South,Clothing,Product C,1094,6.0,1779.8668689742635
2024-01-15,South,Clothing,Product A,1037,1.0,4890.309089867643
2024-03-30,West,Electronics,Product B,1031,3.0,3969.9485818400303
2024-02-11,North,Furniture,Product D,1010,2.0,2486.279651573441
2024-05-03,North,Furniture,Product B,1044,7.0,1698.8873578094256
2024-06-27,South,Furniture,Product D,1088,4.0,4360.678500112383
2024-03-03,East,Electronics,Product A,1032,8.0,2724.2387954225783
2024-04-05,South,Clothing,Product B,1040,6.0,3792.1250893455554
2024-02-21,North,Furniture,Product A,1007,4.0,3770.5384015808204
2024-04-05,West,Furniture,Product D,1010,5.0,89.72839284245914
2024-05-11,South,Electronics,Product C,1085,9.0,631.2689139630672
2024-05-30,North,Furniture,Product C,1050,7.0,3298.146831973711
2024-05-22,South,Electronics,Product B,1087,9.0,808.0990564293572
2024-06-19,East,Clothing,Product A,1040,7.0,1277.4667232780234
2024-01-29,South,Electronics,Product A,1016,1.0,4733.189770998036
2024-02-05,South,Electronics,Product B,1075,8.0,2800.9112918745595
2024-01-13,North,Electronics,Product C,1045,4.0,3753.647534996736
2024-06-08,North,Electronics,Product D,1031,3.0,2789.9036939131993
2024-03-11,North,Clothing,Product B,1078,7.0,2762.568073913626
2024-03-26,South,Clothing,Product D,1079,3.0,470.75955062848954
2024-01-28,East,Furniture,Product C,1053,8.0,1718.3159630455152
2024-03-06,West,Clothing,Product A,1085,6.0,1412.1544934325586
2024-06-18,West,Clothing,Product C,1091,5.0,1953.6418280680662
2024-02-14,North,Furniture,Product B,1019,4.0,3991.7209411216413
2024-03-02,North,Clothing,Product A,1032,8.0,1859.6633395843244
2024-05-13,South,Electronics,Product B,1073,8.0,
2024-01-28,West,Electronics,Product B,1039,1.0,1986.9069524265826
2024-01-28,North,Furniture,Product C,1031,9.0,467.039859876478
2024-04-17,East,Furniture,Product B,1096,5.0,2205.3607912539187
2024-02-13,East,Furniture,Product C,1001,4.0,978.0463652225751
2024-03-24,North,Electronics,Product A,1096,6.0,933.6164788652073
2024-01-30,North,Clothing,Product C,1032,6.0,470.18052217133175
2024-03-15,West,Electronics,Product A,1076,2.0,1783.3548707088237
2024-05-07,West,Furniture,Product C,1029,8.0,3787.409423947087
2024-04-01,South,Clothing,Product D,1032,7.0,1382.2084529169804
2024-05-08,West,Clothing,Product D,1076,1.0,1561.7455094275679
2024-04-30,East,Electronics,Product B,1025,5.0,3213.373288362118
2024-01-27,East,Furniture,Product C,1021,6.0,979.2040629345944
2024-04-30,North,Electronics,Product C,1065,4.0,4484.789652117672
2024-04-25,West,Clothing,Product A,1037,2.0,2600.952616257772
2024-01-03,South,Electronics,Product B,1089,4.0,2238.0147016010847
2024-04-12,East,Electronics,Product C,1045,1.0,2789.100959646007
2024-06-03,East,Furniture,Product B,1014,7.0,
2024-05-16,South,Furniture,Product D,1097,2.0,3067.3656931958817
2024-03-02,South,Clothing,Product C,1043,2.0,1815.5036831700522
2024-06-13,East,Electronics,Product C,1048,9.0,4485.931704823094
2024-02-20,East,Electronics,Product B,1074,5.0,844.2710333884306
2024-06-20,South,Electronics,Product C,1060,2.0,2535.255519327205
2024-05-31,East,Clothing,Product B,1066,9.0,2990.56314684509
2024-02-28,North,Clothing,Product C,1005,9.0,166.91800893190612
2024-04-27,North,Furniture,Product A,1008,1.0,1818.4656237807012
2024-06-08,South,Furniture,Product B,1005,3.0,3663.176173504164
2024-04-05,West,Furniture,Product C,1072,4.0,4101.8875372448665
2024-06-28,South,Electronics,Product D,1094,7.0,1565.8099740864118
2024-04-22,South,Electronics,Product C,1031,4.0,3992.9663619137564
2024-03-02,West,Furniture,Product D,1040,2.0,4838.779385516944
2024-02-21,West,Electronics,Product D,1075,7.0,4284.36968037547
2024-01-12,West,Furniture,Product A,1007,6.0,588.219940796626
2024-02-08,North,Clothing,Product B,1071,3.0,3698.651660427703
2024-05-09,East,Furniture,Product C,1049,6.0,1598.3341622027235
2024-05-10,North,Clothing,Product A,1091,6.0,4942.079947060382
2024-04-22,East,Electronics,Product C,1061,5.0,2426.794915799436
2024-04-10,North,Furniture,Product D,1083,4.0,612.1694917947051
2024-04-22,East,Electronics,Product B,1061,1.0,3625.927740136954
2024-03-21,North,Clothing,Product C,1006,6.0,1615.0559919310692
2024-04-22,West,Clothing,Product C,1074,2.0,4985.390785408308
2024-01-02,South,Clothing,Product D,1083,3.0,4898.912289272609
2024-05-09,North,Electronics,Product C,1079,8.0,3280.6700901029035
2024-02-23,East,Electronics,Product C,1003,6.0,649.1322447585878
2024-03-27,West,Electronics,Product D,1005,3.0,3434.3049883751455
2024-05-08,North,Electronics,Product A,1057,7.0,465.152432300136
2024-05-26,North,Clothing,Product D,1021,4.0,146.8207955119616
2024-05-05,West,Clothing,Product A,1025,9.0,4114.79223110743
2024-05-09,North,Furniture,Product B,1002,5.0,1048.7647384184068
2024-02-22,South,Furniture,Product A,1040,3.0,1895.135631095487
2024-06-20,North,Electronics,Product A,1059,2.0,4867.286949880866
2024-06-08,South,Clothing,Product B,1013,,1684.2025093055163
2024-06-08,South,Clothing,Product A,1074,3.0,1482.4489064165764
2024-03-08,West,Clothing,Product D,1081,2.0,4591.039998113876
2024-05-02,North,Furniture,Product A,1011,4.0,553.7422265947905
2024-05-24,West,Furniture,Product B,1086,2.0,3797.912050573159
2024-02-07,North,Clothing,Product D,1011,9.0,4940.32783326387
2024-01-24,North,Clothing,Product B,1012,2.0,
2024-03-09,East,Clothing,Product B,1024,9.0,3258.3395935321296
2024-04-25,North,Furniture,Product C,1044,6.0,1570.3039749636598
2024-04-07,West,Clothing,Product C,1018,1.0,1271.6099058915836
2024-05-18,South,Clothing,Product B,1054,4.0,4096.275524357306
2024-05-23,North,Electronics,Product B,1099,1.0,4399.109569758476
2024-04-06,East,Electronics,Product B,1044,6.0,2627.1745627284645
2024-05-03,West,Furniture,Product C,1007,4.0,1221.6997039323307
2024-03-10,North,Clothing,Product C,1092,3.0,
2024-04-02,West,Clothing,Product A,1052,3.0,435.8973391591559
2024-01-03,East,Electronics,Product A,1054,9.0,3595.387236769278
2024-05-27,East,Furniture,Product B,1031,6.0,2100.5936392386247
2024-06-12,West,Electronics,Product D,1050,9.0,4526.799371389352
2024-05-26,North,Electronics,Product D,1043,5.0,3698.356503633818
2024-03-30,South,Electronics,Product C,1081,2.0,956.3020895729335
2024-05-26,East,Electronics,Product C,1069,8.0,3068.887094078495
2024-05-27,North,Clothing,Product C,1017,5.0,2177.5272719907966
2024-04-05,North,Clothing,Product B,1082,2.0,2886.2486538430653
2024-02-21,South,Electronics,Product D,1021,4.0,3690.3456166925857
2024-06-09,East,Furniture,Product A,1036,9.0,4030.979405018954
2024-06-16,East,Furniture,Product B,1095,4.0,4218.686632033621
2024-05-07,North,Furniture,Product A,1055,4.0,1269.8743728601237
2024-02-08,North,Furniture,Product A,1058,2.0,155.57799958678842
2024-03-22,South,Electronics,Product B,1002,6.0,3696.473675823866
2024-04-13,South,Clothing,Product A,1027,2.0,531.718631278873
2024-05-08,East,Furniture,Product D,1073,7.0,1574.5979430648383
2024-01-11,West,Electronics,Product A,1034,,19.085670621735716
2024-06-26,East,Furniture,Product D,1060,3.0,3408.3474120081005
2024-05-30,North,Furniture,Product D,1092,5.0,835.6600573561062
2024-06-07,East,Electronics,Product D,1053,3.0,3276.412048458291
2024-02-11,West,Clothing,Product C,1062,2.0,4958.713085839194
2024-04-08,South,Clothing,Product A,1078,9.0,363.35435805008143
2024-01-07,West,Electronics,Product B,1096,2.0,385.39005975730345
2024-05-23,West,Clothing,Product B,1006,2.0,
2024-03-30,West,Electronics,Product A,1075,8.0,4331.932571256711
2024-04-21,South,Electronics,Product C,1048,9.0,1077.6493439566593
2024-02-29,West,Electronics,Product C,1093,7.0,1801.8890996517378
2024-04-22,West,Clothing,Product D,1084,3.0,
2024-01-02,West,Electronics,Product A,1030,9.0,3815.7764562944467
2024-05-08,North,Furniture,Product A,1057,3.0,2041.5317137972554
2024-02-17,West,Clothing,Product B,1060,5.0,3796.243665304214
2024-05-19,South,Clothing,Product A,1023,9.0,4518.039221733976
2024-02-06,West,Clothing,Product C,1019,3.0,1163.8157355064438
2024-06-08,West,Clothing,Product A,1036,7.0,4036.980151699757
2024-01-09,South,Furniture,Product B,1003,1.0,295.4694503912664
2024-04-08,West,Clothing,Product D,1091,4.0,4494.236940901236
2024-05-26,South,Clothing,Product B,1019,4.0,3253.842737793737
2024-02-17,West,Electronics,Product B,1059,7.0,4371.133620691758
2024-05-10,South,Clothing,Product D,1023,8.0,0.9419977829094872
2024-05-27,West,Furniture,Product B,1049,1.0,845.4053517799625
2024-05-31,West,Furniture,Product B,1048,5.0,1948.7969371324605
2024-02-23,North,Furniture,Product A,1050,7.0,1897.514516873593
2024-04-29,North,Furniture,Product A,1095,4.0,1133.6519146175533
2024-06-09,West,Clothing,Product D,1035,4.0,1908.0596993360004
2024-05-31,West,Clothing,Product A,1097,4.0,644.2435600012741
2024-04-25,East,Furniture,Product A,1099,6.0,2063.80564633013
2024-03-15,South,Furniture,Product B,1065,7.0,4011.771645796321
2024-04-22,East,Clothing,Product C,1078,2.0,2395.350315516756
2024-06-12,North,Furniture,Product A,1033,5.0,
2024-06-14,North,Electronics,Product C,1035,4.0,2107.2202078962373
2024-04-13,North,Furniture,Product A,1005,3.0,135.8750804542208
2024-03-24,North,Furniture,Product A,1038,7.0,4831.217053533991
2024-04-21,West,Electronics,Product D,1041,6.0,637.2697971143448
2024-04-08,North,Electronics,Product D,1057,7.0,3538.4416316530937
2024-06-01,West,Clothing,Product D,1011,5.0,4863.881614460429
2024-04-02,West,Clothing,Product C,1002,6.0,4130.195258332859
2024-05-25,North,Electronics,Product B,1017,5.0,3496.5768756310185
2024-05-07,North,Electronics,Product A,1039,7.0,4197.304547503834
2024-04-19,South,Clothing,Product A,1020,2.0,4908.993466303138
2024-03-22,East,Furniture,Product A,1014,5.0,3106.722486267648
2024-02-23,North,Electronics,Product C,1096,6.0,2795.9240341466325
2024-06-11,South,Clothing,Product D,1098,6.0,3141.190552316407
2024-06-17,South,Furniture,Product B,1025,5.0,2663.379433807775
2024-06-09,East,Electronics,Product C,1007,7.0,3175.445529548594
2024-03-08,West,Furniture,Product D,1099,8.0,2249.211039862796
2024-02-02,North,Clothing,Product C,1093,7.0,1092.2159144165355
2024-05-21,East,Electronics,Product B,1086,5.0,601.2361325583781
2024-01-21,North,Furniture,Product D,1041,1.0,341.70467766130196
2024-02-17,South,Electronics,Product C,1043,5.0,1316.5789187660005
2024-05-27,South,Furniture,Product B,1013,2.0,230.61782167866917
2024-05-07,West,Clothing,Product A,1077,5.0,2835.853899596928
2024-05-15,South,Clothing,Product B,1001,5.0,1419.1422351176013
2024-05-14,South,Electronics,Product A,1036,,4122.674040435161
2024-05-24,East,Furniture,Product C,1068,,371.2043649419322
2024-05-07,North,Electronics,Product D,1037,4.0,1131.7574717074297
2024-02-02,North,Electronics,Product D,1040,1.0,3651.2307354507293
2024-06-24,East,Furniture,Product C,1061,3.0,2994.041481917457
2024-04-24,West,Furniture,Product D,1059,1.0,322.4563562458377
2024-04-28,North,Furniture,Product D,1013,5.0,4386.197285811002
2024-01-22,South,Clothing,Product A,1088,4.0,4386.308814130897
2024-06-06,North,Electronics,Product C,1083,7.0,1652.0400193788691
2024-02-07,South,Electronics,Product B,1001,5.0,
2024-04-18,West,Clothing,Product A,1069,4.0,4945.14179175087
2024-02-20,East,Furniture,Product C,1016,2.0,3130.880857965691
2024-01-08,North,Clothing,Product A,1088,4.0,2656.5826028402957
2024-01-27,East,Clothing,Product B,1027,2.0,4190.760917759622
2024-01-27,North,Clothing,Product B,1065,8.0,1426.4516917865822
2024-01-21,South,Electronics,Product C,1034,3.0,2145.9129669817844
2024-01-30,East,Clothing,Product B,1004,9.0,1338.8833774416707
2024-04-06,North,Electronics,Product A,1064,4.0,3945.804232943657
2024-01-28,South,Electronics,Product B,1039,6.0,2866.74672817609
2024-04-20,East,Electronics,Product A,1075,5.0,3294.1253507003526
2024-03-01,East,Furniture,Product A,1055,1.0,1261.5362491970327
2024-02-17,North,Electronics,Product B,1035,9.0,1101.1265068865755
2024-05-26,North,Electronics,Product C,1044,1.0,2441.8731449146935
2024-01-04,North,Furniture,Product D,1022,8.0,3687.828745464134
2024-02-04,South,Electronics,Product B,1046,9.0,2626.1987876008006
2024-02-18,North,Clothing,Product A,1030,9.0,163.22838772834302
2024-01-17,East,Clothing,Product A,1010,1.0,4342.757531601444
2024-06-20,East,Electronics,Product B,1009,,
2024-06-06,North,Furniture,Product C,1066,1.0,4779.122418603762
2024-02-15,North,Clothing,Product C,1013,2.0,125.70979138636362
2024-04-26,West,Furniture,Product A,1079,8.0,3472.252280653544
2024-01-06,East,Furniture,Product A,1073,5.0,411.0353185589083
2024-04-08,South,Clothing,Product C,1092,7.0,4553.3828971756975
2024-05-03,West,Furniture,Product D,1009,2.0,2322.166181127714
2024-02-06,North,Clothing,Product B,1075,8.0,687.618874085077
2024-01-24,North,Furniture,Product A,1093,6.0,1704.078498949233
2024-04-02,East,Clothing,Product A,1000,8.0,824.1233767338102
2024-02-15,North,Electronics,Product C,1004,1.0,852.90955778545
2024-04-04,South,Clothing,Product B,1019,1.0,4740.541600857211
2024-04-08,East,Clothing,Product C,1007,7.0,2226.230561423941
2024-04-25,North,Clothing,Product B,1042,8.0,3944.0113195267977
2024-06-08,East,Clothing,Product B,1075,3.0,3198.027805888409
2024-06-09,North,Furniture,Product B,1000,5.0,3382.1318116919615
2024-03-07,North,Electronics,Product A,1056,1.0,658.4671923601926
2024-05-07,North,Clothing,Product D,1063,7.0,1170.9222340774284
2024-01-18,South,Furniture,Product C,1083,5.0,3933.7516757721846
2024-01-25,South,Electronics,Product D,1027,8.0,4853.831032373915
2024-02-23,East,Electronics,Product C,1036,8.0,1313.3782129932586
2024-02-27,North,Electronics,Product B,1046,9.0,1357.8438237551993
2024-03-07,North,Electronics,Product A,1075,7.0,2364.485664054524
2024-04-13,South,Clothing,Product D,1036,1.0,4919.201564277189
2024-06-22,North,Clothing,Product A,1048,3.0,1344.7947291323553
2024-01-24,South,Furniture,Product C,1043,8.0,2034.8595481713194
2024-04-23,North,Furniture,Product A,1055,3.0,4457.400078117534
2024-02-01,East,Furniture,Product A,1027,8.0,14.605163106810037
2024-06-23,North,Electronics,Product D,1078,1.0,198.82982494284772
2024-03-26,North,Electronics,Product B,1005,5.0,3020.3583853560963
2024-05-30,West,Clothing,Product A,1060,4.0,4536.900823564235
2024-05-06,South,Electronics,Product B,1019,5.0,1194.2833020096382
2024-06-03,North,Electronics,Product C,1077,8.0,2348.208873403545
2024-05-09,North,Electronics,Product A,1001,4.0,2252.3265082890916
2024-01-17,West,Furniture,Product D,1072,4.0,2364.8567304775506
2024-04-13,West,Furniture,Product C,1036,3.0,3112.598478648726
2024-06-09,South,Clothing,Product C,1019,7.0,2348.718814953419
2024-05-16,West,Electronics,Product D,1025,3.0,2237.340706612289
2024-02-12,East,Electronics,Product A,1028,3.0,2371.4421021563026
2024-06-24,West,Clothing,Product A,1000,5.0,2954.3372063552074
2024-02-08,East,Electronics,Product C,1034,5.0,2685.037441756792
2024-06-18,South,Electronics,Product A,1069,6.0,4270.679988252521
2024-01-26,South,Furniture,Product B,1058,8.0,247.4842674683331
2024-04-08,South,Clothing,Product D,1068,6.0,4166.585357365062
2024-02-19,South,Clothing,Product B,1032,1.0,4219.62306305862
2024-06-01,South,Clothing,Product A,1050,8.0,1424.5401076548042
2024-05-31,East,Clothing,Product C,1077,8.0,2314.2597750792534
2024-01-13,East,Furniture,Product D,1011,9.0,2192.6924426871774
2024-02-29,South,Furniture,Product A,1019,9.0,1092.5491717706516
2024-05-14,West,Electronics,Product A,1052,2.0,1983.9842354315824
2024-02-26,North,Electronics,Product C,1087,2.0,221.93886085427218
2024-02-05,South,Electronics,Product C,1042,3.0,
2024-06-21,West,Electronics,Product B,1097,1.0,4083.4108772535906
2024-01-20,North,Furniture,Product D,1088,4.0,1422.8115088144878
2024-03-05,South,Clothing,Product D,1049,4.0,4091.033343741238
2024-01-08,South,Furniture,Product C,1028,9.0,2657.9973230221544
2024-05-23,East,Electronics,Product B,1056,9.0,4399.3133868058
2024-05-21,North,Furniture,Product D,1038,9.0,2873.897771322076
2024-04-24,North,Clothing,Product C,1094,7.0,148.34111532369909
2024-05-22,West,Clothing,Product A,1055,2.0,3377.101037735446
2024-04-01,East,Furniture,Product D,1042,5.0,224.2678401178433
2024-04-07,East,Furniture,Product B,1049,4.0,2252.98509491567
2024-03-06,East,Furniture,Product B,1022,8.0,4647.13347236557
2024-02-01,East,Electronics,Product B,1043,2.0,826.0196966892508
2024-03-26,North,Furniture,Product A,1037,6.0,1949.3617647077206
2024-02-20,North,Furniture,Product D,1083,5.0,3649.301544242392
2024-06-01,South,Furniture,Product D,1022,2.0,4411.292780474238
2024-03-03,South,Clothing,Product A,1044,1.0,3354.7150237125393
2024-05-04,East,Clothing,Product D,1051,8.0,1290.866270955846
2024-05-29,East,Electronics,Product A,1079,2.0,3373.0392645810807
2024-02-27,East,Electronics,Product A,1049,7.0,1483.63820552045
2024-02-27,South,Clothing,Product A,1007,9.0,3592.1461490936763
2024-03-26,West,Clothing,Product B,1084,9.0,4770.165637925203
2024-02-18,West,Clothing,Product D,1000,8.0,3606.9672555314414
2024-06-28,South,Furniture,Product A,1007,9.0,4314.402514562062
2024-06-18,South,Furniture,Product D,1028,2.0,10.519215879417064
2024-03-10,South,Clothing,Product B,1095,6.0,3587.8606236579717
2024-01-15,South,Furniture,Product A,1004,4.0,4147.937784326252
2024-02-23,South,Furniture,Product C,1085,4.0,202.79368772340712
2024-04-10,South,Electronics,Product B,1046,5.0,4357.988636441153
2024-01-08,East,Clothing,Product C,1033,3.0,1283.4711415502293
2024-02-22,East,Clothing,Product D,1064,1.0,3326.460509890276
2024-02-29,East,Furniture,Product D,1054,8.0,4001.7743951170332
2024-04-17,East,Clothing,Product B,1089,5.0,3313.322565296777
2024-01-05,South,Electronics,Product D,1042,3.0,461.42396036628617
2024-04-12,West,Electronics,Product C,1073,7.0,2981.607594301842
2024-01-06,North,Electronics,Product A,1029,7.0,2747.918283610718
2024-04-18,South,Clothing,Product A,1081,1.0,4501.606340371358
2024-04-25,North,Clothing,Product A,1016,,2021.198648221046
2024-04-03,West,Clothing,Product B,1025,2.0,1605.4054854352507
2024-02-16,East,Clothing,Product D,1007,5.0,3749.253822182331
2024-04-08,West,Clothing,Product C,1046,5.0,2063.376630416983
2024-02-24,South,Electronics,Product D,1075,8.0,3230.480875025315
2024-06-16,East,Furniture,Product D,1090,,3232.250450623035
2024-02-21,South,Electronics,Product D,1071,7.0,4440.195321800589
2024-05-23,East,Clothing,Product A,1088,7.0,2993.4620115954867
2024-01-13,North,Electronics,Product C,1045,6.0,2510.7680498099344
2024-04-23,North,Clothing,Product C,1067,6.0,694.356631982585
2024-05-03,North,Clothing,Product D,1032,9.0,578.6880333935268
2024-04-15,West,Electronics,Product A,1000,6.0,771.607826415397
2024-06-06,South,Clothing,Product A,1018,2.0,859.2424066354725
2024-05-26,West,Furniture,Product C,1030,2.0,3189.3854633181695
2024-05-24,North,Clothing,Product A,1079,5.0,3704.9062513728927
2024-04-29,South,Furniture,Product A,1013,4.0,2649.9576146320937
2024-03-03,North,Furniture,Product A,1052,2.0,4145.088662727455
2024-01-19,West,Clothing,Product B,1047,3.0,4956.316133668166
2024-04-01,West,Electronics,Product D,1068,7.0,4100.0631455967805
2024-02-27,West,Furniture,Product C,1089,8.0,3474.411868379796
2024-03-30,North,Electronics,Product C,1061,6.0,2662.463497185733
2024-04-26,South,Furniture,Product B,1091,5.0,2244.265358373541
2024-03-02,South,Clothing,Product D,1065,1.0,421.9619027227117
2024-01-23,North,Clothing,Product C,1063,8.0,1996.8437419734546
2024-05-06,South,Furniture,Product A,1069,3.0,4550.6731839106715
2024-05-16,North,Clothing,Product C,1062,6.0,4040.1131495327645
2024-05-19,South,Furniture,Product A,1072,3.0,1080.256825058436
2024-05-08,East,Clothing,Product B,1032,7.0,2333.0389234860795
2024-02-27,East,Electronics,Product A,1040,,4083.616012792723
2024-05-01,West,Clothing,Product C,1088,9.0,336.9227739276126
2024-01-01,East,Electronics,Product C,1047,5.0,1936.9629283432964
2024-02-03,East,Clothing,Product C,1012,8.0,4259.206184369738
2024-04-05,East,Electronics,Product B,1072,,2019.4893208506187
2024-05-05,North,Clothing,Product B,1076,1.0,388.0732236572043
2024-04-27,East,Electronics,Product D,1030,5.0,2712.6718426612574
2024-02-17,East,Furniture,Product C,1074,3.0,4308.712474591477
2024-03-29,West,Furniture,Product A,1067,1.0,2951.4277147657986
2024-04-26,East,Electronics,Product B,1097,4.0,1131.395541071159
2024-05-08,East,Clothing,Product C,1003,8.0,1921.1981006869066
2024-01-16,South,Electronics,Product C,1018,3.0,2250.616805909661
2024-03-09,West,Clothing,Product B,1069,2.0,2896.331769102634
2024-01-22,West,Furniture,Product D,1097,,3796.7551287630654
2024-04-02,West,Clothing,Product B,1081,5.0,494.368088203177
2024-03-16,West,Furniture,Product B,1012,7.0,4448.260165087831
2024-06-02,West,Clothing,Product A,1022,2.0,61.54851508037795
2024-05-23,West,Clothing,Product A,1082,9.0,1850.2616733712762
2024-06-27,North,Clothing,Product D,1074,9.0,137.10154986328826
2024-03-26,East,Electronics,Product C,1000,4.0,1964.8711267264562
2024-01-29,West,Electronics,Product B,1087,4.0,2629.062994366619
2024-03-09,East,Furniture,Product D,1053,6.0,2558.4069329075587
2024-02-16,East,Furniture,Product A,1070,6.0,828.1417351413268
2024-04-03,North,Electronics,Product B,1088,1.0,3228.7025504780613
2024-05-23,West,Furniture,Product C,1084,9.0,223.8922525233411
2024-06-24,South,Electronics,Product A,1014,2.0,3809.534100662077
2024-03-25,North,Clothing,Product A,1064,5.0,4733.222169967731
2024-02-08,South,Furniture,Product A,1075,9.0,1698.8441357555894
2024-04-09,East,Furniture,Product D,1070,4.0,2586.1969085716596
2024-02-02,East,Electronics,Product C,1014,3.0,1894.551390294072
2024-04-10,North,Furniture,Product B,1020,7.0,33.551951520299774
2024-01-23,North,Furniture,Product D,1018,6.0,1929.3725144755797
2024-01-10,South,Clothing,Product D,1059,8.0,3958.6012963067324
2024-03-09,West,Furniture,Product D,1092,3.0,2979.9442109174092
2024-04-09,South,Clothing,Product A,1088,5.0,506.2995730757946
2024-02-03,North,Electronics,Product C,1032,4.0,4235.697448468925
2024-06-28,South,Furniture,Product D,1048,4.0,2655.426724426214
2024-05-17,North,Clothing,Product B,1095,4.0,4208.616808723381
2024-05-26,South,Electronics,Product C,1034,,2901.107593925147
2024-04-05,North,Furniture,Product B,1043,6.0,2798.4422241896996
2024-01-01,North,Electronics,Product C,1089,3.0,526.2959259850619
2024-03-09,North,Furniture,Product B,1010,5.0,836.7986656931398
2024-01-04,West,Electronics,Product A,1098,6.0,4860.1262824829555
2024-01-16,South,Electronics,Product D,1071,5.0,1142.4337337738539
2024-01-24,South,Clothing,Product B,1077,6.0,4887.260589951839
2024-03-20,South,Electronics,Product C,1073,8.0,2659.563532621317
2024-01-02,North,Furniture,Product D,1065,7.0,678.9452353196856
2024-05-07,South,Furniture,Product D,1045,5.0,
2024-06-08,South,Clothing,Product C,1008,6.0,1044.3203535286998
2024-03-24,North,Furniture,Product B,1002,4.0,4628.186650126679
2024-05-31,East,Furniture,Product A,1084,9.0,
2024-05-19,North,Furniture,Product A,1025,4.0,
2024-06-26,South,Electronics,Product B,1071,1.0,1566.03130535087
2024-06-11,North,Electronics,Product D,1047,7.0,735.3092528329419
2024-05-03,East,Furniture,Product D,1065,7.0,2439.2559859620324
2024-02-02,North,Clothing,Product D,1069,4.0,650.2389125556934
2024-06-09,South,Electronics,Product D,1027,3.0,
2024-06-27,East,Clothing,Product B,1092,8.0,1851.9849313765324
2024-06-19,West,Furniture,Product D,1025,5.0,1874.0178389089817
2024-04-10,South,Furniture,Product C,1024,7.0,2370.0321424157796
2024-01-12,East,Electronics,Product D,1011,4.0,2220.638565828758
2024-03-07,East,Furniture,Product A,1004,4.0,4974.289865296608
2024-03-05,West,Electronics,Product D,1097,8.0,2726.9056060915127
2024-06-09,North,Furniture,Product B,1047,8.0,441.00851894935346
2024-06-16,North,Furniture,Product A,1036,2.0,3034.3867078846497
2024-03-14,South,Electronics,Product B,1078,2.0,757.9214643493998
